{
  "images" : [
    {
      "size" : "20x20",
      "idiom" : "iphone",
      "filename" : "iconRB20@2x-1.png",
      "scale" : "2x"
    },
    {
      "size" : "20x20",
      "idiom" : "iphone",
      "filename" : "iconRB20@3x-1.png",
      "scale" : "3x"
    },
    {
      "size" : "29x29",
      "idiom" : "iphone",
      "filename" : "iconRB29@2x-1.png",
      "scale" : "2x"
    },
    {
      "size" : "29x29",
      "idiom" : "iphone",
      "filename" : "iconRB29@3x-1.png",
      "scale" : "3x"
    },
    {
      "size" : "40x40",
      "idiom" : "iphone",
      "filename" : "iconRB40@2x-1.png",
      "scale" : "2x"
    },
    {
      "size" : "40x40",
      "idiom" : "iphone",
      "filename" : "iconRB40@3x-1.png",
      "scale" : "3x"
    },
    {
      "size" : "60x60",
      "idiom" : "iphone",
      "filename" : "iconRB60@2x-1.png",
      "scale" : "2x"
    },
    {
      "size" : "60x60",
      "idiom" : "iphone",
      "filename" : "iconRB60@3x-1.png",
      "scale" : "3x"
    },
    {
      "idiom" : "ipad",
      "size" : "20x20",
      "scale" : "1x"
    },
    {
      "idiom" : "ipad",
      "size" : "20x20",
      "scale" : "2x"
    },
    {
      "idiom" : "ipad",
      "size" : "29x29",
      "scale" : "1x"
    },
    {
      "idiom" : "ipad",
      "size" : "29x29",
      "scale" : "2x"
    },
    {
      "idiom" : "ipad",
      "size" : "40x40",
      "scale" : "1x"
    },
    {
      "idiom" : "ipad",
      "size" : "40x40",
      "scale" : "2x"
    },
    {
      "idiom" : "ipad",
      "size" : "76x76",
      "scale" : "1x"
    },
    {
      "idiom" : "ipad",
      "size" : "76x76",
      "scale" : "2x"
    },
    {
      "idiom" : "ipad",
      "size" : "83.5x83.5",
      "scale" : "2x"
    },
    {
      "idiom" : "ios-marketing",
      "size" : "1024x1024",
      "scale" : "1x"
    },
    {
      "filename" : "iconRB20.png",
      "unassigned" : true
    },
    {
      "filename" : "iconRB20@2x.png",
      "unassigned" : true
    },
    {
      "filename" : "iconRB20@3x.png",
      "unassigned" : true
    },
    {
      "filename" : "iconRB29.png",
      "unassigned" : true
    },
    {
      "filename" : "iconRB29@2x.png",
      "unassigned" : true
    },
    {
      "filename" : "iconRB29@3x.png",
      "unassigned" : true
    },
    {
      "filename" : "iconRB40.png",
      "unassigned" : true
    },
    {
      "filename" : "iconRB40@2x.png",
      "unassigned" : true
    },
    {
      "filename" : "iconRB40@3x.png",
      "unassigned" : true
    },
    {
      "filename" : "iconRB60.png",
      "unassigned" : true
    },
    {
      "filename" : "iconRB60@2x.png",
      "unassigned" : true
    },
    {
      "filename" : "iconRB60@3x.png",
      "unassigned" : true
    }
  ],
  "info" : {
    "version" : 1,
    "author" : "xcode"
  }
}